Address,Segments,Content Type,Status Code,Status,Indexability,Indexability Status,Canonical Link Element 1,Redirect URL,Redirect Type,Meta Robots 1,X-Robots-Tag 1,Language,Crawl Timestamp,Last Modified,Size (Bytes),Word Count,Inlinks,Unique Inlinks,Outlinks,Unique Outlinks,Response Time
https://reviews-microsite.example.net/s2/,s2,text/html; charset=utf-8,200,"",Non-Indexable,Canonicalised,https://reviews-microsite.example.com/s2/,"","","","",en-us,2026-07-06 10:29:21,"",72981,2120,186,62,109,59,0.416
https://reviews-microsite.example.net/s1/p01/p04.woff2,s1/p01/p04.woff2,font/woff2,200,"",Indexable,"","","","","","","",2026-07-06 10:29:21,"",10056,0,0,0,0,0,0.073
https://reviews-microsite.example.net/s1/p01/p07.woff2,s1/p01/p07.woff2,font/woff2,200,"",Indexable,"","","","","","","",2026-07-06 10:29:21,"",40472,0,0,0,0,0,0.074
https://reviews-microsite.example.net/s1/p04.css?q=1-1,s1/p04.css,text/css; charset=utf-8,200,"",Indexable,"","","","","","","",2026-07-06 10:29:21,"",30941,0,0,0,0,0,0.107
https://reviews-microsite.example.net/s1/p01/p02.woff2,s1/p01/p02.woff2,font/woff2,200,"",Indexable,"","","","","","","",2026-07-06 10:29:21,"",9988,0,0,0,0,0,0.063
https://reviews-microsite.example.net/s1/p02.js?q=1,s1/p02.js,application/javascript,200,"",Indexable,"","","","","","","",2026-07-06 10:29:21,"",5117,0,0,0,0,0,0.105
https://reviews-microsite.example.net/s1/p01/p06.woff2,s1/p01/p06.woff2,font/woff2,200,"",Indexable,"","","","","","","",2026-07-06 10:29:22,"",25852,0,0,0,0,0,0.070
https://reviews-microsite.example.net/s2/p01/p06/,s2/p01/p06,text/html; charset=utf-8,200,"",Non-Indexable,Canonicalised,https://reviews-microsite.example.com/s2/p01/p06/,"","","","",en-us,2026-07-06 10:29:37,"",31001,692,130,62,56,44,0.234
https://reviews-microsite.example.net/s2/p11/,s2/p11,text/html; charset=utf-8,200,"",Non-Indexable,Canonicalised,https://reviews-microsite.example.com/s2/p11/,"","","","",en-us,2026-07-06 10:29:37,"",50011,801,68,62,53,42,0.216
https://reviews-microsite.example.net/s2/p04/p01/,s2/p04/p01,text/html; charset=utf-8,200,"",Non-Indexable,Canonicalised,https://reviews-microsite.example.com/s2/p04/p01/,"","","","",en-us,2026-07-06 10:29:37,"",33420,780,6,4,56,45,0.212
https://reviews-microsite.example.net/s2/p02/p01/,s2/p02/p01,text/html; charset=utf-8,200,"",Non-Indexable,Canonicalised,https://reviews-microsite.example.com/s2/p02/p01/,"","","","",en-us,2026-07-06 10:29:37,"",61518,2360,66,62,55,42,0.226
https://reviews-microsite.example.net/s2/p07/p06/,s2/p07/p06,text/html; charset=utf-8,200,"",Non-Indexable,Canonicalised,https://reviews-microsite.example.com/s2/p07/p06/,"","","","",en-us,2026-07-06 10:29:37,"",53517,1299,68,62,56,42,0.247
https://reviews-microsite.example.net/s2/p01/p07/,s2/p01/p07,text/html; charset=utf-8,200,"",Non-Indexable,Canonicalised,https://reviews-microsite.example.com/s2/p01/p07/,"","","","",en-us,2026-07-06 10:29:50,"",30296,699,126,62,54,42,0.235
https://reviews-microsite.example.net/s2/p02/p02/,s2/p02/p02,text/html; charset=utf-8,200,"",Non-Indexable,Canonicalised,https://reviews-microsite.example.com/s2/p02/p02/,"","","","",en-us,2026-07-06 10:29:50,"",61515,2295,67,62,55,42,0.203
https://reviews-microsite.example.net/s2/p02/p06/,s2/p02/p06,text/html; charset=utf-8,200,"",Non-Indexable,Canonicalised,https://reviews-microsite.example.com/s2/p02/p06/,"","","","",en-us,2026-07-06 10:29:50,"",65491,2750,64,62,55,42,0.208
https://reviews-microsite.example.net/s2/p02/p05/,s2/p02/p05,text/html; charset=utf-8,200,"",Non-Indexable,Canonicalised,https://reviews-microsite.example.com/s2/p02/p05/,"","","","",en-us,2026-07-06 10:29:50,"",62640,2401,67,62,53,42,0.287
https://reviews-microsite.example.net/s2/p11/p02/,s2/p11/p02,text/html; charset=utf-8,200,"",Non-Indexable,Canonicalised,https://reviews-microsite.example.com/s2/p11/p02/,"","","","",en-us,2026-07-06 10:29:56,"",56636,1753,65,62,66,42,0.162
https://reviews-microsite.example.net/s2/p07/p01/,s2/p07/p01,text/html; charset=utf-8,200,"",Non-Indexable,Canonicalised,https://reviews-microsite.example.com/s2/p07/p01/,"","","","",en-us,2026-07-06 10:30:01,"",52596,1242,66,62,55,42,0.459
https://reviews-microsite.example.net/s2/p08/p02/,s2/p08/p02,text/html; charset=utf-8,200,"",Non-Indexable,Canonicalised,https://reviews-microsite.example.com/s2/p08/p02/,"","","","",en-us,2026-07-06 10:30:03,"",51718,1266,65,62,59,42,0.803
https://reviews-microsite.example.net/s2/p08/p04/,s2/p08/p04,text/html; charset=utf-8,200,"",Non-Indexable,Canonicalised,https://reviews-microsite.example.com/s2/p08/p04/,"","","","",en-us,2026-07-06 10:30:03,"",54550,1608,68,62,56,42,0.435
https://reviews-microsite.example.net/s2/p03/p06/,s2/p03/p06,text/html; charset=utf-8,200,"",Non-Indexable,Canonicalised,https://reviews-microsite.example.com/s2/p03/p06/,"","","","",en-us,2026-07-06 10:30:06,"",33054,1036,4,4,54,46,0.558
https://reviews-microsite.example.net/s2/p05/p01/,s2/p05/p01,text/html; charset=utf-8,200,"",Non-Indexable,Canonicalised,https://reviews-microsite.example.com/s2/p05/p01/,"","","","",en-us,2026-07-06 10:30:10,"",30020,502,3,3,56,48,0.286
https://reviews-microsite.example.net/s2/p05/p02/,s2/p05/p02,text/html; charset=utf-8,200,"",Non-Indexable,Canonicalised,https://reviews-microsite.example.com/s2/p05/p02/,"","","","",en-us,2026-07-06 10:30:18,"",27142,256,5,5,52,44,0.234
https://reviews-microsite.example.net/s2/p03/p07/,s2/p03/p07,text/html; charset=utf-8,200,"",Non-Indexable,Canonicalised,https://reviews-microsite.example.com/s2/p03/p07/,"","","","",en-us,2026-07-06 10:30:18,"",34884,1247,3,3,56,46,0.217
https://reviews-microsite.example.net/s2/p07/p07/,s2/p07/p07,text/html; charset=utf-8,200,"",Non-Indexable,Canonicalised,https://reviews-microsite.example.com/s2/p07/p07/,"","","","",en-us,2026-07-06 10:30:18,"",53819,1491,68,62,59,43,0.279
https://reviews-microsite.example.net/s2/p11/p03/,s2/p11/p03,text/html; charset=utf-8,200,"",Non-Indexable,Canonicalised,https://reviews-microsite.example.com/s2/p11/p03/,"","","","",en-us,2026-07-06 10:30:24,"",55169,1607,65,62,59,42,0.197
https://reviews-microsite.example.net/s2/p12/p03/,s2/p12/p03,text/html; charset=utf-8,200,"",Non-Indexable,Canonicalised,https://reviews-microsite.example.com/s2/p12/p03/,"","","","",en-us,2026-07-06 10:30:24,"",40655,852,9,7,58,47,0.426
https://reviews-microsite.example.net/s1/p03/p03.webp,s1/p03/p03.webp,image/webp,200,"",Indexable,"","","","","","","",2026-07-06 10:30:25,"",866,0,0,0,0,0,0.080
https://reviews-microsite.example.net/s1/p03/p10.webp,s1/p03/p10.webp,image/webp,200,"",Indexable,"","","","","","","",2026-07-06 10:30:25,"",1430,0,0,0,0,0,0.108
https://reviews-microsite.example.net/s1/p03/p08.webp,s1/p03/p08.webp,image/webp,200,"",Indexable,"","","","","","","",2026-07-06 10:30:25,"",2266,0,0,0,0,0,0.107
https://reviews-microsite.example.net/s1/p03/p05.webp,s1/p03/p05.webp,image/webp,200,"",Indexable,"","","","","","","",2026-07-06 10:30:25,"",2362,0,0,0,0,0,0.096
https://reviews-microsite.example.net/s1/p03/p11.webp,s1/p03/p11.webp,image/webp,200,"",Indexable,"","","","","","","",2026-07-06 10:30:25,"",1938,0,0,0,0,0,0.139
https://reviews-microsite.example.net/s1/p03/p02.webp,s1/p03/p02.webp,image/webp,200,"",Indexable,"","","","","","","",2026-07-06 10:30:25,"",2406,0,0,0,0,0,0.081
https://reviews-microsite.example.net/s1/p03/p12.webp,s1/p03/p12.webp,image/webp,200,"",Indexable,"","","","","","","",2026-07-06 10:30:25,"",2390,0,0,0,0,0,0.071
https://reviews-microsite.example.net/s1/p03/p09.webp,s1/p03/p09.webp,image/webp,200,"",Indexable,"","","","","","","",2026-07-06 10:30:25,"",2530,0,0,0,0,0,0.096
https://reviews-microsite.example.net/s1/p03/p07.webp,s1/p03/p07.webp,image/webp,200,"",Indexable,"","","","","","","",2026-07-06 10:30:25,"",2620,0,0,0,0,0,0.100
https://reviews-microsite.example.net/s1/p03/p04.webp,s1/p03/p04.webp,image/webp,200,"",Indexable,"","","","","","","",2026-07-06 10:30:25,"",1620,0,0,0,0,0,0.096
https://reviews-microsite.example.net/s1/p03/p06.webp,s1/p03/p06.webp,image/webp,200,"",Indexable,"","","","","","","",2026-07-06 10:30:25,"",1290,0,0,0,0,0,0.100
https://reviews-microsite.example.net/s2/p06/,s2/p06,text/html; charset=utf-8,200,"",Non-Indexable,Canonicalised,https://reviews-microsite.example.com/s2/p06/,"","","","",en-us,2026-07-06 10:30:32,"",52471,1230,74,62,55,42,0.200
https://reviews-microsite.example.net/s2/p02/p04/,s2/p02/p04,text/html; charset=utf-8,200,"",Non-Indexable,Canonicalised,https://reviews-microsite.example.com/s2/p02/p04/,"","","","",en-us,2026-07-06 10:30:32,"",65646,2803,70,62,53,42,0.218
https://reviews-microsite.example.net/s2/p08/,s2/p08,text/html; charset=utf-8,200,"",Non-Indexable,Canonicalised,https://reviews-microsite.example.com/s2/p08/,"","","","",en-us,2026-07-06 10:30:32,"",55716,1300,90,62,54,42,0.214
https://reviews-microsite.example.net/s1/p03/p13.webp,s1/p03/p13.webp,image/webp,200,"",Indexable,"","","","","","","",2026-07-06 10:30:32,"",6044,0,0,0,0,0,0.226
https://reviews-microsite.example.net/s1/p03/p15.webp,s1/p03/p15.webp,image/webp,200,"",Indexable,"","","","","","","",2026-07-06 10:30:32,"",23390,0,0,0,0,0,0.222
https://reviews-microsite.example.net/s1/p03/p16.webp,s1/p03/p16.webp,image/webp,200,"",Indexable,"","","","","","","",2026-07-06 10:30:32,"",5954,0,0,0,0,0,0.225
https://reviews-microsite.example.net/s2/p01/p03/,s2/p01/p03,text/html; charset=utf-8,200,"",Non-Indexable,Canonicalised,https://reviews-microsite.example.com/s2/p01/p03/,"","","","",en-us,2026-07-06 10:30:39,"",32108,706,66,62,53,42,0.202
https://reviews-microsite.example.net/s2/p02/p03/,s2/p02/p03,text/html; charset=utf-8,200,"",Non-Indexable,Canonicalised,https://reviews-microsite.example.com/s2/p02/p03/,"","","","",en-us,2026-07-06 10:30:38,"",60439,2250,65,62,55,42,0.654
https://reviews-microsite.example.net/s2/p04/p03/,s2/p04/p03,text/html; charset=utf-8,200,"",Non-Indexable,Canonicalised,https://reviews-microsite.example.com/s2/p04/p03/,"","","","",en-us,2026-07-06 10:30:47,"",32458,644,5,4,56,45,0.196
https://reviews-microsite.example.net/s2/p07/p03/,s2/p07/p03,text/html; charset=utf-8,200,"",Non-Indexable,Canonicalised,https://reviews-microsite.example.com/s2/p07/p03/,"","","","",en-us,2026-07-06 10:30:47,"",53166,1286,73,62,55,42,0.208
https://reviews-microsite.example.net/s2/p06/p03/,s2/p06/p03,text/html; charset=utf-8,200,"",Non-Indexable,Canonicalised,https://reviews-microsite.example.com/s2/p06/p03/,"","","","",en-us,2026-07-06 10:30:47,"",52942,1278,67,62,62,42,0.206
https://reviews-microsite.example.net/s2/p05/p04/,s2/p05/p04,text/html; charset=utf-8,200,"",Non-Indexable,Canonicalised,https://reviews-microsite.example.com/s2/p05/p04/,"","","","",en-us,2026-07-06 10:30:54,"",29198,548,6,6,54,46,0.311
https://reviews-microsite.example.net/s2/p07/p02/,s2/p07/p02,text/html; charset=utf-8,200,"",Non-Indexable,Canonicalised,https://reviews-microsite.example.com/s2/p07/p02/,"","","","",en-us,2026-07-06 10:30:54,"",53687,1434,68,62,58,42,0.217
https://reviews-microsite.example.net/s2/p01/p01/,s2/p01/p01,text/html; charset=utf-8,200,"",Non-Indexable,Canonicalised,https://reviews-microsite.example.com/s2/p01/p01/,"","","","",en-us,2026-07-06 10:31:01,"",30027,646,130,62,61,45,0.534
https://reviews-microsite.example.net/s2/p06/p04/,s2/p06/p04,text/html; charset=utf-8,200,"",Non-Indexable,Canonicalised,https://reviews-microsite.example.com/s2/p06/p04/,"","","","",en-us,2026-07-06 10:31:01,"",53563,1350,75,62,58,42,0.230
https://reviews-microsite.example.net/s2/p06/p01/,s2/p06/p01,text/html; charset=utf-8,200,"",Non-Indexable,Canonicalised,https://reviews-microsite.example.com/s2/p06/p01/,"","","","",en-us,2026-07-06 10:31:01,"",59331,2281,81,62,55,42,0.323
https://reviews-microsite.example.net/s2/p05/p03/,s2/p05/p03,text/html; charset=utf-8,200,"",Non-Indexable,Canonicalised,https://reviews-microsite.example.com/s2/p05/p03/,"","","","",en-us,2026-07-06 10:31:08,"",47302,781,4,4,53,44,0.229
https://reviews-microsite.example.net/s2/p02/p07/,s2/p02/p07,text/html; charset=utf-8,200,"",Non-Indexable,Canonicalised,https://reviews-microsite.example.com/s2/p02/p07/,"","","","",en-us,2026-07-06 10:31:09,"",60805,2318,65,62,54,42,0.195
https://reviews-microsite.example.net/s2/p04/p02/,s2/p04/p02,text/html; charset=utf-8,200,"",Non-Indexable,Canonicalised,https://reviews-microsite.example.com/s2/p04/p02/,"","","","",en-us,2026-07-06 10:31:16,"",29420,577,2,2,55,47,0.215
https://reviews-microsite.example.net/s2/p06/p02/,s2/p06/p02,text/html; charset=utf-8,200,"",Non-Indexable,Canonicalised,https://reviews-microsite.example.com/s2/p06/p02/,"","","","",en-us,2026-07-06 10:31:16,"",54822,1597,87,62,55,42,0.225
https://reviews-microsite.example.net/s2/p08/p03/,s2/p08/p03,text/html; charset=utf-8,200,"",Non-Indexable,Canonicalised,https://reviews-microsite.example.com/s2/p08/p03/,"","","","",en-us,2026-07-06 10:31:16,"",53211,1407,71,62,56,42,0.217
https://reviews-microsite.example.net/s2/p12/p01/,s2/p12/p01,text/html; charset=utf-8,200,"",Non-Indexable,Canonicalised,https://reviews-microsite.example.com/s2/p12/p01/,"","","","",en-us,2026-07-06 10:31:23,"",31254,699,4,4,55,45,0.196
https://reviews-microsite.example.net/s2/p03/p01/,s2/p03/p01,text/html; charset=utf-8,200,"",Non-Indexable,Canonicalised,https://reviews-microsite.example.com/s2/p03/p01/,"","","","",en-us,2026-07-06 10:31:23,"",35725,1201,3,3,55,44,0.222
https://reviews-microsite.example.net/s2/p04/,s2/p04,text/html; charset=utf-8,200,"",Non-Indexable,Canonicalised,https://reviews-microsite.example.com/s2/p04/,"","","","",en-us,2026-07-06 10:31:29,"",32163,663,10,8,51,43,0.262
https://reviews-microsite.example.net/s2/p07/,s2/p07,text/html; charset=utf-8,200,"",Non-Indexable,Canonicalised,https://reviews-microsite.example.com/s2/p07/,"","","","",en-us,2026-07-06 10:31:29,"",50430,912,78,62,52,43,0.228
https://reviews-microsite.example.net/s2/p11/p01/,s2/p11/p01,text/html; charset=utf-8,200,"",Non-Indexable,Canonicalised,https://reviews-microsite.example.com/s2/p11/p01/,"","","","",en-us,2026-07-06 10:31:29,"",55034,1658,64,62,67,42,0.200
https://reviews-microsite.example.net/s2/p08/p01/,s2/p08/p01,text/html; charset=utf-8,200,"",Non-Indexable,Canonicalised,https://reviews-microsite.example.com/s2/p08/p01/,"","","","",en-us,2026-07-06 10:31:36,"",53674,1485,65,62,60,42,0.205
https://reviews-microsite.example.net/s2/p03/p02/,s2/p03/p02,text/html; charset=utf-8,200,"",Non-Indexable,Canonicalised,https://reviews-microsite.example.com/s2/p03/p02/,"","","","",en-us,2026-07-06 10:31:36,"",33869,1214,5,5,53,45,0.188
https://reviews-microsite.example.net/s1/p01/p01.woff2,s1/p01/p01.woff2,font/woff2,200,"",Indexable,"","","","","","","",2026-07-06 10:31:36,"",8768,0,0,0,0,0,0.069
https://reviews-microsite.example.net/s2/p08/p05/,s2/p08/p05,text/html; charset=utf-8,200,"",Non-Indexable,Canonicalised,https://reviews-microsite.example.com/s2/p08/p05/,"","","","",en-us,2026-07-06 10:31:43,"",56336,1728,67,62,56,42,0.286
https://reviews-microsite.example.net/s2/p01/p05/,s2/p01/p05,text/html; charset=utf-8,200,"",Non-Indexable,Canonicalised,https://reviews-microsite.example.com/s2/p01/p05/,"","","","",en-us,2026-07-06 10:31:43,"",34994,1271,131,62,58,42,0.296
https://reviews-microsite.example.net/s2/p06/p05/,s2/p06/p05,text/html; charset=utf-8,200,"",Non-Indexable,Canonicalised,https://reviews-microsite.example.com/s2/p06/p05/,"","","","",en-us,2026-07-06 10:31:43,"",56513,1872,80,62,57,42,0.283
https://reviews-microsite.example.net/s2/p12/p02/,s2/p12/p02,text/html; charset=utf-8,200,"",Non-Indexable,Canonicalised,https://reviews-microsite.example.com/s2/p12/p02/,"","","","",en-us,2026-07-06 10:31:50,"",29093,498,4,4,56,48,0.305
https://reviews-microsite.example.net/s2/p01/,s2/p01,text/html; charset=utf-8,200,"",Non-Indexable,Canonicalised,https://reviews-microsite.example.com/s2/p01/,"","","","",en-us,2026-07-06 10:31:50,"",29939,671,135,62,56,43,0.209
https://reviews-microsite.example.net/s2/p05/,s2/p05,text/html; charset=utf-8,200,"",Non-Indexable,Canonicalised,https://reviews-microsite.example.com/s2/p05/,"","","","",en-us,2026-07-06 10:31:57,"",31079,547,6,6,51,43,0.283
https://reviews-microsite.example.net/s2/p02/,s2/p02,text/html; charset=utf-8,200,"",Non-Indexable,Canonicalised,https://reviews-microsite.example.com/s2/p02/,"","","","",en-us,2026-07-06 10:31:57,"",53271,996,79,62,57,42,0.217
https://reviews-microsite.example.net/s2/p07/p05/,s2/p07/p05,text/html; charset=utf-8,200,"",Non-Indexable,Canonicalised,https://reviews-microsite.example.com/s2/p07/p05/,"","","","",en-us,2026-07-06 10:31:57,"",54964,1374,68,62,62,42,0.204
https://reviews-microsite.example.net/s2/p01/p02/,s2/p01/p02,text/html; charset=utf-8,200,"",Non-Indexable,Canonicalised,https://reviews-microsite.example.com/s2/p01/p02/,"","","","",en-us,2026-07-06 10:32:03,"",31155,485,127,62,53,42,0.244
https://reviews-microsite.example.net/s2/p01/p04/,s2/p01/p04,text/html; charset=utf-8,200,"",Non-Indexable,Canonicalised,https://reviews-microsite.example.com/s2/p01/p04/,"","","","",en-us,2026-07-06 10:32:03,"",43504,1250,66,62,58,42,0.410
https://reviews-microsite.example.net/s2/p03/,s2/p03,text/html; charset=utf-8,200,"",Non-Indexable,Canonicalised,https://reviews-microsite.example.com/s2/p03/,"","","","",en-us,2026-07-06 10:32:10,"",32601,925,8,6,54,45,0.187
https://reviews-microsite.example.net/s2/p07/p04/,s2/p07/p04,text/html; charset=utf-8,200,"",Non-Indexable,Canonicalised,https://reviews-microsite.example.com/s2/p07/p04/,"","","","",en-us,2026-07-06 10:32:10,"",54337,1280,70,62,56,42,0.285
https://reviews-microsite.example.net/s2/p02/p08/,s2/p02/p08,text/html; charset=utf-8,200,"",Non-Indexable,Canonicalised,https://reviews-microsite.example.com/s2/p02/p08/,"","","","",en-us,2026-07-06 10:32:10,"",63995,2559,70,62,55,42,0.202
https://reviews-microsite.example.net/s1/p03/p14.webp,s1/p03/p14.webp,image/webp,200,OK,Indexable,"","","","","","","",2026-07-06 10:32:42,"",0,0,0,0,0,0,0.231
https://reviews-microsite.example.net/s1/p03/p01.webp,s1/p03/p01.webp,image/webp,200,OK,Indexable,"","","","","","","",2026-07-06 10:32:42,"",0,0,0,0,0,0,0.220
https://reviews-microsite.example.net/s2/p12/,s2/p12,text/html; charset=utf-8,200,"",Non-Indexable,Canonicalised,https://reviews-microsite.example.com/s2/p12/,"","","","",en-us,2026-07-06 10:32:42,"",28338,364,4,4,57,47,0.252
https://reviews-microsite.example.net/s2/p01/p06/p01/,s2/p01/p06/p01,text/html; charset=utf-8,200,"",Non-Indexable,Canonicalised,https://reviews-microsite.example.com/s2/p01/p06/p01/,"","","","",en-us,2026-07-06 10:33:02,"",31836,915,3,3,53,43,0.230
https://reviews-microsite.example.net/s2/p01/p06/p02/,s2/p01/p06/p02,text/html; charset=utf-8,200,"",Non-Indexable,Canonicalised,https://reviews-microsite.example.com/s2/p01/p06/p02/,"","","","",en-us,2026-07-06 10:33:02,"",31805,899,4,4,53,43,0.227
